{"_wandb":{"runtime":64},"predictions":{"format":"png","count":10,"filenames":["media/images/predictions_9409_cfd2f340aac0626870b7.png","media/images/predictions_9409_59e24ea006d84ec9fe0c.png","media/images/predictions_9409_91cecd60468ecd0ef99a.png","media/images/predictions_9409_3f63ea32611c21538ccc.png","media/images/predictions_9409_2c0b823292961c345ece.png","media/images/predictions_9409_432b79a7361f8b1623bc.png","media/images/predictions_9409_8d11d41155c936152b5f.png","media/images/predictions_9409_6fbc62ed6634ea6b4ff6.png","media/images/predictions_9409_0a884f530025f1962aaa.png","media/images/predictions_9409_cce34c1551b80481a1f9.png"],"captions":["Pred: 7, Label: 7","Pred: 2, Label: 2","Pred: 1, Label: 1","Pred: 0, Label: 0","Pred: 4, Label: 4","Pred: 1, Label: 1","Pred: 4, Label: 4","Pred: 9, Label: 9","Pred: 5, Label: 5","Pred: 9, Label: 9"],"_type":"images/separated","width":28,"height":28},"gradient_norm":3.2416886184364557,"learning_rate":0.01,"gradients/network.0.weight":{"_type":"histogram","values":[12,22,30,4,12,46,116,79,41,23,41,121,155,569,70,195,218,1786,86489,6149,2279,1438,105,29,21,38,34,16,26,94,2,3,1,3,1,1,2,0,2,2,2,2,3,0,0,4,3,2,2,3,3,2,1,3,1,13,13,3,5,2,0,2,1,7],"bins":[-0.0044443923979997635,-0.004209668841212988,-0.003974945284426212,-0.003740221494808793,-0.003505497705191374,-0.0032707741484045982,-0.0030360505916178226,-0.0028013268020004034,-0.002566603012382984,-0.0023318794555962086,-0.002097155898809433,-0.0018624321091920137,-0.0016277085524052382,-0.001392984762787819,-0.0011582612060010433,-0.0009235374163836241,-0.0006888138595968485,-0.00045409006997942924,-0.00021936651319265366,1.5357043594121933e-05,0.0002500806003808975,0.0004848046228289604,0.000719528179615736,0.0009542517364025116,0.0011889752931892872,0.0014236988499760628,0.0016584228724241257,0.0018931464292109013,0.002127869985997677,0.0023625935427844524,0.0025973175652325153,0.002832041122019291,0.0030667646788060665,0.003301488235592842,0.0035362117923796177,0.0037709358148276806,0.004005659371614456,0.004240382928401232,0.004475106485188007,0.00470983050763607,0.004944554064422846,0.005179277621209621,0.005414001177996397,0.005648724734783173,0.0058834487572312355,0.006118172314018011,0.006352895870804787,0.006587619427591562,0.006822342984378338,0.007057067006826401,0.007291790563613176,0.007526514120399952,0.007761238142848015,0.007995961233973503,0.008230685256421566,0.008465409278869629,0.008700132369995117,0.00893485639244318,0.009169579483568668,0.009404303506016731,0.009639027528464794,0.009873750619590282,0.010108474642038345,0.010343197733163834,0.010577921755611897]},"_timestamp":1.730422361691252e+09,"_step":9409,"avg_training_loss":0.2936211818340681,"validation_recall":0.9499,"parameters/network.3.bias":{"_type":"histogram","values":[1,1,0,0,0,2,0,2,0,1,1,1,0,1,1,1,2,1,1,1,3,3,4,2,3,1,1,1,1,1,3,0,2,1,0,0,0,2,0,1,1,0,0,2,0,1,2,2,1,2,0,1,2,0,0,1,1,0,0,0,0,0,0,2],"bins":[-4.183114528656006,-4.081557273864746,-3.9800000190734863,-3.8784427642822266,-3.776885509490967,-3.675328254699707,-3.5737709999084473,-3.4722139835357666,-3.370656728744507,-3.269099473953247,-3.1675422191619873,-3.0659849643707275,-2.9644277095794678,-2.862870454788208,-2.7613134384155273,-2.6597561836242676,-2.558198928833008,-2.456641674041748,-2.3550844192504883,-2.2535271644592285,-2.1519699096679688,-2.050412654876709,-1.9488554000854492,-1.8472981452941895,-1.7457408905029297,-1.64418363571167,-1.5426263809204102,-1.4410693645477295,-1.3395121097564697,-1.23795485496521,-1.1363976001739502,-1.0348403453826904,-0.9332830905914307,-0.8317258358001709,-0.7301685810089111,-0.6286113262176514,-0.5270540714263916,-0.42549681663513184,-0.32393980026245117,-0.2223825454711914,-0.12082529067993164,-0.019268035888671875,0.08228921890258789,0.18384647369384766,0.2854037284851074,0.3869609832763672,0.4885181188583374,0.5900753736495972,0.6916326284408569,0.7931898832321167,0.8947471380233765,0.9963042736053467,1.0978615283966064,1.1994187831878662,1.300976037979126,1.4025332927703857,1.5040905475616455,1.6056478023529053,1.7072049379348755,1.8087621927261353,1.910319447517395,2.0118765830993652,2.113433837890625,2.2149910926818848,2.3165483474731445]},"parameters/network.6.bias":{"bins":[-0.30877628922462463,-0.29860827326774597,-0.2884402275085449,-0.27827221155166626,-0.2681041955947876,-0.25793617963790894,-0.24776813387870789,-0.23760011792182922,-0.22743210196495056,-0.2172640711069107,-0.20709604024887085,-0.1969280242919922,-0.18675999343395233,-0.17659197747707367,-0.1664239466190338,-0.15625593066215515,-0.1460878998041153,-0.13591986894607544,-0.12575185298919678,-0.11558382213115692,-0.10541580617427826,-0.0952477753162384,-0.08507975935935974,-0.07491172850131989,-0.06474369764328003,-0.05457568168640137,-0.044407665729522705,-0.034239619970321655,-0.024071604013442993,-0.013903588056564331,-0.003735572099685669,0.006432473659515381,0.016600489616394043,0.026768505573272705,0.036936551332473755,0.04710456728935242,0.05727258324623108,0.06744059920310974,0.07760864496231079,0.08777666091918945,0.09794467687606812,0.10811270773410797,0.11828073859214783,0.1284487545490265,0.13861678540706635,0.148784801363945,0.15895283222198486,0.16912084817886353,0.17928887903690338,0.18945690989494324,0.1996249258518219,0.20979295670986176,0.21996097266674042,0.23012900352478027,0.24029701948165894,0.2504650354385376,0.26063308119773865,0.2708010971546173,0.28096911311149597,0.291137158870697,0.3013051748275757,0.31147319078445435,0.321641206741333,0.33180925250053406,0.3419772684574127],"_type":"histogram","values":[1,0,0,0,0,0,0,0,0,1,0,0,0,0,0,1,0,1,0,1,0,0,0,0,0,0,0,0,0,0,0,0,0,0,1,1,0,0,0,0,0,0,0,1,0,0,0,0,0,0,0,0,0,0,0,0,0,1,0,0,0,0,0,1]},"batch_idx":937,"validation_accuracy":0.9499,"gradients/network.3.bias":{"bins":[-0.005709921009838581,-0.005452760495245457,-0.005195599980652332,-0.004938439466059208,-0.0046812789514660835,-0.004424118436872959,-0.004166958387941122,-0.003909797873347998,-0.0036526373587548733,-0.003395476844161749,-0.0031383163295686245,-0.0028811560478061438,-0.0026239955332130194,-0.002366835018619895,-0.0021096747368574142,-0.0018525142222642899,-0.0015953537076711655,-0.001338193193078041,-0.0010810326784849167,-0.0008238721638917923,-0.0005667116492986679,-0.0003095516003668308,-5.2391085773706436e-05,0.00020476942881941795,0.00046192994341254234,0.0007190904580056667,0.0009762509725987911,0.0012334114871919155,0.0014905715361237526,0.001747732050716877,0.0020048925653100014,0.0022620530799031258,0.0025192145258188248,0.002776375040411949,0.0030335355550050735,0.003290696069598198,0.0035478565841913223,0.0038050166331231594,0.004062177147716284,0.004319337662309408,0.004576498176902533,0.004833658691495657,0.005090819206088781,0.005347979720681906,0.005605139769613743,0.005862300284206867,0.006119460798799992,0.006376621313393116,0.00663378182798624,0.006890942342579365,0.007148102857172489,0.0074052633717656136,0.007662423886358738,0.007919584400951862,0.008176743984222412,0.008433904498815536,0.008691065013408661,0.008948225528001785,0.00920538604259491,0.009462546557188034,0.009719707071781158,0.009976867586374283,0.010234028100967407,0.010491188615560532,0.010748349130153656],"_type":"histogram","values":[1,0,0,0,0,1,0,0,0,0,1,1,0,0,0,1,2,0,1,3,3,2,36,2,0,2,0,1,0,0,1,0,0,1,0,0,0,0,0,0,0,0,0,1,0,0,0,0,1,0,0,0,0,0,1,0,1,0,0,0,0,0,0,1]},"gradients/network.3.weight":{"_type":"histogram","values":[1,0,0,1,0,0,0,0,0,0,0,0,0,0,0,0,0,0,0,0,0,1,0,0,0,0,0,0,1,1,0,0,0,0,0,1,1,0,1,1,0,0,2,2,1,1,1,7,1,6,3,7,13,23,8097,6,5,2,2,2,0,0,1,1],