{"parameters/network.0.weight":{"bins":[-5.9947123527526855,-5.8416337966918945,-5.6885552406311035,-5.5354766845703125,-5.3823981285095215,-5.2293195724487305,-5.0762410163879395,-4.923162460327148,-4.770083904266357,-4.617005348205566,-4.463926792144775,-4.310848236083984,-4.157769680023193,-4.004691123962402,-3.8516125679016113,-3.6985340118408203,-3.5454554557800293,-3.3923768997192383,-3.2392983436584473,-3.0862197875976562,-2.9331412315368652,-2.780062675476074,-2.626984119415283,-2.473905563354492,-2.320827007293701,-2.16774845123291,-2.014669895172119,-1.8615913391113281,-1.708512783050537,-1.555434226989746,-1.402355670928955,-1.249277114868164,-1.0961987972259521,-0.9431202411651611,-0.7900416851043701,-0.6369631290435791,-0.4838845729827881,-0.33080601692199707,-0.17772746086120605,-0.02464890480041504,0.12842965126037598,0.281508207321167,0.434586763381958,0.587665319442749,0.74074387550354,0.893822431564331,1.046900987625122,1.199979543685913,1.353058099746704,1.5061366558074951,1.6592152118682861,1.8122937679290771,1.9653723239898682,2.118450880050659,2.27152943611145,2.424607992172241,2.5776865482330322,2.7307651042938232,2.8838436603546143,3.0369222164154053,3.1900007724761963,3.3430793285369873,3.4961578845977783,3.6492364406585693,3.8023149967193604],"_type":"histogram","values":[1,1,1,1,4,4,5,4,9,7,7,17,13,12,16,19,27,33,48,49,38,61,80,87,129,171,207,216,310,396,576,742,952,1209,1578,2080,2802,4103,15025,30360,12508,12847,6907,2903,1312,876,588,363,258,164,100,52,32,16,10,4,2,5,1,1,2,0,0,1]},"parameters/network.6.bias":{"bins":[-0.4687253534793854,-0.4563373923301697,-0.4439494013786316,-0.4315614402294159,-0.4191734492778778,-0.4067854881286621,-0.394397497177124,-0.3820095360279083,-0.3696215748786926,-0.35723358392715454,-0.34484559297561646,-0.33245763182640076,-0.32006967067718506,-0.307681679725647,-0.2952937185764313,-0.2829057574272156,-0.2705177664756775,-0.2581297755241394,-0.2457418143749237,-0.23335383832454681,-0.22096586227416992,-0.20857790112495422,-0.19618991017341614,-0.18380194902420044,-0.17141398787498474,-0.15902599692344666,-0.14663803577423096,-0.13425004482269287,-0.12186208367347717,-0.10947409272193909,-0.09708613157272339,-0.0846981406211853,-0.07231014966964722,-0.05992218852043152,-0.04753419756889343,-0.035146236419677734,-0.02275824546813965,-0.01037028431892395,0.0020177066326141357,0.014405667781829834,0.02679365873336792,0.03918161988258362,0.051569581031799316,0.0639575719833374,0.0763455331325531,0.08873350918292999,0.10112148523330688,0.11350946128368378,0.12589743733406067,0.13828541338443756,0.15067338943481445,0.16306136548519135,0.17544934153556824,0.18783730268478394,0.20022527873516083,0.21261325478553772,0.2250012308359146,0.2373892068862915,0.2497771829366684,0.2621651589870453,0.274553120136261,0.2869411110877991,0.29932907223701477,0.31171706318855286,0.32410502433776855],"_type":"histogram","values":[1,0,0,0,0,0,0,0,0,0,0,1,0,0,0,0,0,0,0,0,0,0,0,0,0,0,0,0,0,1,0,0,1,1,1,0,0,0,0,0,0,0,0,0,0,0,1,0,0,1,1,0,0,0,0,0,0,0,0,0,0,0,0,1]},"gradients/network.3.weight":{"bins":[-0.3431006073951721,-0.33256709575653076,-0.3220335841178894,-0.31150007247924805,-0.3009665608406067,-0.29043301939964294,-0.2798995077610016,-0.26936599612236023,-0.25883248448371887,-0.24829897284507751,-0.23776546120643616,-0.2272319346666336,-0.21669842302799225,-0.2061649113893509,-0.19563138484954834,-0.18509787321090698,-0.17456436157226562,-0.16403084993362427,-0.1534973382949829,-0.14296381175518036,-0.132430300116539,-0.12189678847789764,-0.11136326193809509,-0.10082975029945374,-0.09029623866081238,-0.07976272702217102,-0.06922921538352966,-0.058695703744888306,-0.04816216230392456,-0.0376286506652832,-0.027095139026641846,-0.01656162738800049,-0.006028085947036743,0.004505425691604614,0.015038937330245972,0.02557244896888733,0.036105960607528687,0.04663950204849243,0.05717301368713379,0.06770652532577515,0.0782400369644165,0.08877354860305786,0.09930706024169922,0.10984058678150177,0.12037409842014313,0.13090761005878448,0.14144113659858704,0.1519746482372284,0.16250815987586975,0.1730416715145111,0.18357518315315247,0.19410870969295502,0.20464222133159637,0.21517573297023773,0.22570925951004028,0.23624277114868164,0.246776282787323,0.25730979442596436,0.2678433060646057,0.27837681770324707,0.2889103293418884,0.2994438707828522,0.30997738242149353,0.3205108940601349,0.33104440569877625],"_type":"histogram","values":[1,0,0,0,1,0,0,0,0,0,0,1,1,1,0,0,1,0,0,0,1,4,3,2,1,1,3,4,7,3,16,33,8071,8,5,5,4,4,0,1,0,0,1,0,2,3,0,0,0,0,0,1,0,0,0,0,0,1,1,0,0,0,0,1]},"predictions":{"captions":["Pred: 7, Label: 7","Pred: 2, Label: 2","Pred: 1, Label: 1","Pred: 0, Label: 0","Pred: 4, Label: 4","Pred: 1, Label: 1","Pred: 4, Label: 4","Pred: 9, Label: 9","Pred: 6, Label: 5","Pred: 9, Label: 9"],"_type":"images/separated","width":28,"height":28,"format":"png","count":10,"filenames":["media/images/predictions_9409_cfd2f340aac0626870b7.png","media/images/predictions_9409_59e24ea006d84ec9fe0c.png","media/images/predictions_9409_91cecd60468ecd0ef99a.png","media/images/predictions_9409_3f63ea32611c21538ccc.png","media/images/predictions_9409_2c0b823292961c345ece.png","media/images/predictions_9409_432b79a7361f8b1623bc.png","media/images/predictions_9409_8d11d41155c936152b5f.png","media/images/predictions_9409_6fbc62ed6634ea6b4ff6.png","media/images/predictions_9409_0a884f530025f1962aaa.png","media/images/predictions_9409_cce34c1551b80481a1f9.png"]},"_timestamp":1.7304227900288877e+09,"learning_rate":0.01,"validation_recall":0.9505,"_step":9409,"avg_training_loss":0.31191741897146713,"validation_accuracy":0.9505,"parameters/network.0.bias":{"_type":"histogram","values":[1,0,0,0,0,0,1,0,1,1,0,1,2,0,1,0,1,1,2,1,1,2,3,5,0,2,3,0,5,0,1,1,3,1,4,4,2,2,6,0,6,1,3,0,1,2,1,1,2,3,2,2,1,2,0,3,0,4,6,6,7,6,6,5],"bins":[-0.6869719624519348,-0.6766416430473328,-0.6663113236427307,-0.6559809446334839,-0.6456506252288818,-0.6353203058242798,-0.6249899864196777,-0.6146596074104309,-0.6043292880058289,-0.5939989686012268,-0.5836686491966248,-0.5733382701873779,-0.5630079507827759,-0.5526776313781738,-0.5423473119735718,-0.5320169925689697,-0.5216866135597229,-0.5113562941551208,-0.5010259747505188,-0.49069562554359436,-0.4803652763366699,-0.47003495693206787,-0.4597046375274658,-0.4493742883205414,-0.43904396891593933,-0.4287136197090149,-0.41838330030441284,-0.4080529510974884,-0.39772263169288635,-0.3873922824859619,-0.37706196308135986,-0.3667316138744354,-0.35640132427215576,-0.3460710048675537,-0.3357406556606293,-0.3254103362560272,-0.3150799870491028,-0.30474966764450073,-0.2944193184375763,-0.28408899903297424,-0.2737586498260498,-0.26342833042144775,-0.2530979812145233,-0.24276764690876007,-0.23243731260299683,-0.22210697829723358,-0.21177664399147034,-0.2014463096857071,-0.19111597537994385,-0.1807856410741806,-0.17045530676841736,-0.1601249724626541,-0.14979463815689087,-0.13946431875228882,-0.12913398444652557,-0.11880365014076233,-0.10847331583499908,-0.09814298152923584,-0.0878126472234726,-0.07748231291770935,-0.0671519786119461,-0.05682164430618286,-0.046491313725709915,-0.03616097941994667,-0.025830646976828575]},