{"parameters/network.6.bias":{"bins":[-0.39654943346977234,-0.3878187835216522,-0.3790881037712097,-0.3703574538230896,-0.3616268038749695,-0.352896124124527,-0.34416547417640686,-0.33543479442596436,-0.32670414447784424,-0.3179734945297241,-0.3092428147792816,-0.3005121648311615,-0.291781485080719,-0.2830508351325989,-0.27432018518447876,-0.26558953523635864,-0.25685885548591614,-0.24812819063663483,-0.23939752578735352,-0.2306668758392334,-0.2219362109899521,-0.21320554614067078,-0.20447489619255066,-0.19574423134326935,-0.18701356649398804,-0.17828290164470673,-0.16955223679542542,-0.1608215868473053,-0.152090921998024,-0.14336025714874268,-0.13462960720062256,-0.12589892745018005,-0.11716827750205994,-0.10843762755393982,-0.09970694780349731,-0.0909762978553772,-0.08224563300609589,-0.07351496815681458,-0.06478431820869446,-0.05605365335941315,-0.047322988510131836,-0.038592323660850525,-0.029861658811569214,-0.021131008863449097,-0.012400344014167786,-0.0036696791648864746,0.005060970783233643,0.013791635632514954,0.022522300481796265,0.031252965331077576,0.03998362272977829,0.048714280128479004,0.057444944977760315,0.06617560982704163,0.07490626722574234,0.08363692462444305,0.09236758947372437,0.10109825432300568,0.10982891172170639,0.1185595691204071,0.12729023396968842,0.13602089881896973,0.14475154876708984,0.15348221361637115,0.16221287846565247],"_type":"histogram","values":[1,0,0,0,0,0,0,0,1,0,0,1,0,0,0,1,0,0,0,0,0,0,0,0,0,0,0,0,0,0,0,0,0,0,1,0,0,0,0,0,0,0,0,0,0,0,0,0,0,0,1,0,0,0,1,0,0,0,0,0,0,0,1,2]},"_timestamp":1.7304219753160303e+09,"parameters/network.3.bias":{"values":[1,0,0,0,1,0,1,1,2,0,3,1,2,3,2,2,0,3,4,0,2,2,4,0,0,0,3,2,1,0,0,2,0,1,0,2,1,1,0,0,3,0,0,1,0,1,2,1,2,1,0,0,2,1,0,2,0,0,0,0,0,0,0,1],"bins":[-4.006002902984619,-3.903503894805908,-3.8010048866271973,-3.6985058784484863,-3.5960068702697754,-3.4935078620910645,-3.3910088539123535,-3.2885098457336426,-3.1860108375549316,-3.0835118293762207,-2.9810128211975098,-2.878513813018799,-2.776014566421509,-2.673515558242798,-2.571016550064087,-2.468517541885376,-2.366018533706665,-2.263519525527954,-2.161020517349243,-2.0585215091705322,-1.9560225009918213,-1.8535234928131104,-1.7510244846343994,-1.6485254764556885,-1.5460262298583984,-1.4435272216796875,-1.3410282135009766,-1.2385292053222656,-1.1360301971435547,-1.0335311889648438,-0.9310321807861328,-0.8285331726074219,-0.7260341644287109,-0.62353515625,-0.5210361480712891,-0.4185371398925781,-0.3160381317138672,-0.21353912353515625,-0.11104011535644531,-0.008541107177734375,0.09395790100097656,0.1964571475982666,0.29895615577697754,0.4014551639556885,0.5039541721343994,0.6064531803131104,0.7089521884918213,0.8114511966705322,0.9139502048492432,1.016449213027954,1.118948221206665,1.221447229385376,1.323946237564087,1.4264453649520874,1.5289443731307983,1.6314433813095093,1.7339423894882202,1.8364413976669312,1.938940405845642,2.0414395332336426,2.1439385414123535,2.2464375495910645,2.3489365577697754,2.4514355659484863,2.5539345741271973],"_type":"histogram"},"gradients/network.6.weight":{"_type":"histogram","values":[1,0,0,0,0,0,0,1,0,0,1,0,1,2,0,0,1,2,0,0,2,1,2,1,3,11,39,553,8,1,0,1,0,1,0,0,2,0,0,0,1,0,1,0,0,0,2,0,0,0,1,0,0,0,0,0,0,0,0,0,0,0,0,1],"bins":[-0.6141310930252075,-0.5913865566253662,-0.5686420798301697,-0.5458975434303284,-0.5231530666351318,-0.5004085302352905,-0.4776640236377716,-0.4549195170402527,-0.43217501044273376,-0.40943050384521484,-0.3866859972476959,-0.363941490650177,-0.3411969542503357,-0.3184524476528168,-0.29570794105529785,-0.27296343445777893,-0.25021892786026,-0.2274744212627411,-0.20472991466522217,-0.18198540806770325,-0.15924090147018433,-0.13649636507034302,-0.11375188827514648,-0.09100735187530518,-0.06826281547546387,-0.045518338680267334,-0.022773802280426025,-2.9325485229492188e-05,0.022715210914611816,0.04545968770980835,0.06820422410964966,0.09094870090484619,0.11369317770004272,0.13643771409988403,0.15918219089508057,0.18192672729492188,0.2046712040901184,0.22741574048995972,0.25016021728515625,0.27290475368499756,0.2956492304801941,0.3183937668800354,0.3411383032798767,0.36388278007507324,0.38662731647491455,0.40937182307243347,0.4321163296699524,0.4548608362674713,0.47760534286499023,0.5003498792648315,0.5230943560600281,0.5458388328552246,0.5685833692550659,0.5913279056549072,0.6140724420547485,0.6368169188499451,0.6595613956451416,0.6823059320449829,0.7050504684448242,0.7277949452400208,0.7505394816398621,0.7732839584350586,0.7960284948348999,0.8187729716300964,0.8415175080299377]},"parameters/network.0.weight":{"bins":[-5.730606555938721,-5.57481050491333,-5.419013977050781,-5.263217926025391,-5.107421398162842,-4.951625347137451,-4.795828819274902,-4.640032768249512,-4.484236717224121,-4.328440189361572,-4.172643661499023,-4.016847610473633,-3.861051559448242,-3.7052552700042725,-3.5494589805603027,-3.393662691116333,-3.2378664016723633,-3.0820701122283936,-2.926273822784424,-2.770477533340454,-2.6146812438964844,-2.4588851928710938,-2.303088903427124,-2.1472926139831543,-1.9914963245391846,-1.8357000350952148,-1.6799039840698242,-1.5241074562072754,-1.3683114051818848,-1.212514877319336,-1.0567188262939453,-0.9009222984313965,-0.7451257705688477,-0.589329719543457,-0.4335331916809082,-0.2777371406555176,-0.12194061279296875,0.033855438232421875,0.1896519660949707,0.34544801712036133,0.501244306564331,0.6570405960083008,0.8128368854522705,0.9686331748962402,1.1244292259216309,1.2802255153656006,1.4360218048095703,1.59181809425354,1.7476143836975098,1.9034106731414795,2.059206962585449,2.215003252029419,2.3707995414733887,2.5265955924987793,2.682391881942749,2.8381881713867188,2.9939844608306885,3.149780750274658,3.305577039718628,3.4613733291625977,3.6171693801879883,3.772965669631958,3.9287619590759277,4.084558486938477,4.240354537963867],"_type":"histogram","values":[5,1,4,1,3,3,6,6,9,11,8,7,6,19,22,28,33,48,41,57,65,72,123,147,207,271,294,418,483,690,972,1250,1605,2237,3239,5550,19977,28680,15545,9060,4564,1766,1054,697,405,260,160,109,69,27,18,4,5,5,2,2,0,0,0,1,0,0,0,1]},"gradients/network.0.weight":{"_type":"histogram","values":[27,6,3,26,4,3,1,1,3,3,2,7,5,5,1,2,36,15,22,7,7,8,8,8,41,13,61,27,23,40,654,783,1238,451,6461,85606,1877,360,900,326,657,66,78,76,16,13,17,17,13,15,17,13,16,16,61,17,16,66,4,7,31,9,18,22],"bins":[-0.023592134937644005,-0.022923588752746582,-0.02225504443049431,-0.021586498245596886,-0.020917952060699463,-0.02024940773844719,-0.019580861553549767,-0.018912315368652344,-0.01824377104640007,-0.017575224861502647,-0.016906678676605225,-0.01623813435435295,-0.015569588169455528,-0.014901041984558105,-0.014232496730983257,-0.013563950546085835,-0.012895405292510986,-0.012226860038936138,-0.011558313854038715,-0.010889768600463867,-0.010221222415566444,-0.009552677161991596,-0.008884131908416748,-0.008215585723519325,-0.007547041401267052,-0.006878495216369629,-0.006209949031472206,-0.005541402846574783,-0.00487285852432251,-0.004204312339425087,-0.003535766154527664,-0.0028672218322753906,-0.002198677510023117,-0.0015301313251256943,-0.0008615870028734207,-0.00019304081797599792,0.00047550536692142487,0.0011440496891736984,0.0018125958740711212,0.002481142058968544,0.003149688243865967,0.0038182325661182404,0.004486778751015663,0.005155324004590511,0.0058238692581653595,0.006492415443062782,0.0071609606966376305,0.007829506881535053,0.008498052135109901,0.00916659738868475,0.009835143573582172,0.01050368882715702,0.011172235012054443,0.011840780265629292,0.01250932551920414,0.013177871704101562,0.01384641695767641,0.014514962211251259,0.015183508396148682,0.015852052718400955,0.016520598903298378,0.0171891450881958,0.017857691273093224,0.018526235595345497,0.01919478178024292]},"parameters/network.0.bias":{"_type":"histogram","values":[1,0,0,0,0,0,0,0,0,0,1,0,0,2,0,1,0,1,1,0,0,2,2,2,1,0,1,1,3,1,2,2,2,2,1,1,3,1,4,6,2,1,3,6,2,4,2,5,3,2,2,3,1,1,2,1,1,5,7,6,9,3,7,6],